{"clusters": [{"id": 0, "label": "Fréchet representation loss", "centroid3d": [-6.870373249053955, -6.331275463104248, 11.572278022766113], "count": 1, "color": [1.0, 0.0, 0.0]}, {"id": 1, "label": "Agent-based simulation", "centroid3d": [-5.273159027099609, -5.993008613586426, 10.50977611541748], "count": 4, "color": [0.0, 1.0, 0.0]}, {"id": 2, "label": "Latent 3D world modeling", "centroid3d": [-6.459864616394043, -6.016024589538574, 10.856429100036621], "count": 5, "color": [0.0, 0.0, 1.0]}, {"id": 3, "label": "Physics informed localization", "centroid3d": [-5.973773002624512, -7.437616348266602, 10.278974533081055], "count": 2, "color": [1.0, 1.0, 0.0]}]}