{
  "schemaVersion": 1,
  "grid": 125,
  "k": 6,
  "axisMin": [
    -69.5,
    -104.5625,
    -54.25
  ],
  "axisMax": [
    70.0625,
    76.09375,
    81.8125
  ],
  "span": [
    139.5625,
    180.65625,
    136.0625
  ],
  "entropyMax": 1.6136022806167603,
  "oosCount": 50000,
  "components": [
    "mean",
    "gated",
    "mu1",
    "mu2",
    "mu3",
    "mu4",
    "mu5",
    "mu6"
  ],
  "speedP50": 0.014623974915593863,
  "speedP90": 0.07307059317827225,
  "speedP98": 0.10851319134235382,
  "speedMax": 0.14998669922351837
}