{
  "schemaVersion": 1,
  "grid": 64,
  "k": 2,
  "axisMin": [
    -0.5743489265441895,
    -0.18553070724010468,
    -0.38263601064682007
  ],
  "axisMax": [
    0.3224758803844452,
    0.597403883934021,
    0.37152180075645447
  ],
  "span": [
    0.896824836730957,
    0.7829346060752869,
    0.7541577816009521
  ],
  "entropyMax": 0.6931471824645996,
  "oosCount": 18876,
  "components": [
    "mean",
    "gated",
    "mu1",
    "mu2"
  ],
  "speedP50": 0.3773481100797653,
  "speedP90": 0.6070879399776459,
  "speedP98": 0.7851871848106384,
  "speedMax": 1.153120994567871
}