{
  "schemaVersion": 1,
  "grid": 100,
  "shape": [
    100,
    100,
    100
  ],
  "origin": [
    -72.3918228149414,
    -102.52149963378906,
    -66.12674713134766
  ],
  "gridMax": [
    71.82904815673828,
    73.91128540039062,
    82.62752532958984
  ],
  "spacing": [
    1.4422087669372559,
    1.764327883720398,
    1.487542748451233
  ],
  "keys": [
    "",
    "10159",
    "10292",
    "10306",
    "10307",
    "10308",
    "10311",
    "10313",
    "10327",
    "10329",
    "10330",
    "10331",
    "10332",
    "10333",
    "10334",
    "10335",
    "10336",
    "10337",
    "10338",
    "10339",
    "10342",
    "10343",
    "10344",
    "10346",
    "10349",
    "10361",
    "10383",
    "10384",
    "10389",
    "10390",
    "10465",
    "10466",
    "10467",
    "10595",
    "10596",
    "10597",
    "10598",
    "10599",
    "10600",
    "10602",
    "10648",
    "10649",
    "10650",
    "10651",
    "10653",
    "10654",
    "10655",
    "10656",
    "10657",
    "10658",
    "10659",
    "10660",
    "10661",
    "10662",
    "10669",
    "12114",
    "12115",
    "12116",
    "12117",
    "12118",
    "12119",
    "12121",
    "12122",
    "12123",
    "12124",
    "12125",
    "12126",
    "12127",
    "12132",
    "12133",
    "12136",
    "12137",
    "12138",
    "12140",
    "12142",
    "12143",
    "12144",
    "12145",
    "12146",
    "12147",
    "12148",
    "12149",
    "12150",
    "12151",
    "12152",
    "12153",
    "12154",
    "12155",
    "12156",
    "12157",
    "12158",
    "12159",
    "12160",
    "12162",
    "12163",
    "12164",
    "12165",
    "12166",
    "12170",
    "12171",
    "12173",
    "12174",
    "12176",
    "12177",
    "12178",
    "12179",
    "12181",
    "12195",
    "12291",
    "12292",
    "12305",
    "12330",
    "12354",
    "12369",
    "12384",
    "12390",
    "12405",
    "12416",
    "12535",
    "12538",
    "12805",
    "12826",
    "13229",
    "13230",
    "146034872",
    "146034876",
    "146034884",
    "146034888",
    "266441657"
  ]
}